product_name,product_series
ESB40-20N-06,1SAE341111R0620
MS495-100,1SAM550000R1010
AF96-30-00-14 250-500V DC,1SBL407001R1400
A3N 630 ELT-LI In=630 4p F F,1SDA066574R1
PSTX210-600-70 110KW,1SFA898112R7000
OTM2500E4CM230C,1SCA112713R1001
T7S 1600 PR231/P LS/I In=1600A 4p F F M,1SDA063018R1
Coffret BL.Porte   Plaque   800X600X300mm (HxWxD),SRN8630K
HKF1-11 Aux.-contact for frontmounting,1SAM201901R1001
VM205/265,1SFN035203R1000
AF96-30-00-14 250-500V DC,1SBL407001R1400
OT160EV04P,1SCA120521R1001
UVR T7-T7M-X1 220...240Va.c./d.c.,1SDA063552R1
OTM2500E4CM230C,1SCA112713R1001
TF96-96,1SAZ911201R1006
XT4N 250 TMA 250-2500 4p F F InN=100%,1SDA068111R1
E4.2N 4000 Ekip Dip LI 4p WMP,1SDA073171R1
,
CM-ENS.13S,1SVR730850R2100
S2C-S/H6R,2CDS200922R0001
Coffret BL.Porte   Plaque   800X600X300mm (HxWxD),SRN8630K
S204 C20,2CDS254001R0204
S204 C20,2CDS254001R0204
product_name,product_series
ESB40-20N-06,1SAE341111R0620
ESB20-20N-06,1SBE121111R0620
ESB20-20N-01,1SBE121111R0120
ESB40-22N-06,1SAE341111R0622
ESB40-22N-01,1SAE341111R0122
MS495-100,1SAM550000R1010
MS495-90,1SAM550000R1009
MS495-75,1SAM550000R1008
MS165-65,1SAM451000R1017
MS165-54,1SAM451000R1016
MS165-42,1SAM451000R1015
MS132-32,1SAM350000R1015
MS132-20,1SAM350000R1013
MS132-25,1SAM350000R1014
MS116-12,1SAM250000R1012
MS116-16,1SAM250000R1011
MS116-10,1SAM250000R1010
MS116-6.3,1SAM250000R1009
MS116-4.0,1SAM250000R1008
MS116-2.5,1SAM250000R1007
MS116-1.6,1SAM250000R1006
MS116-1.0,1SAM250000R1005
MS116-0.63,1SAM250000R1004
MS116-0.4,1SAM250000R1003
MS116-0.25,1SAM250000R1002
MS116-0.16,1SAM250000R1001
PSTX210-600-70 110KW,1SFA898112R7000
PSTX170-600-70 90KW,1SFA898111R7000
PSR25-600-70  11KW,1SFA896108R7000
PSTX250-600-70 132KW,1SFA898113R7000
PSTX300-600-70 160KW,1SFA898114R7000
PSTX370-600-70 200KW,1SFA898115R7000
PSTX470-600-70 250KW,1SFA898116R7000
PSTX570-600-70 315KW,1SFA898117R7000
PSR16-600-70  7.5KW,1SFA896107R7000
"PSR37-600-70  18,5KW",1SFA896110R7000
PSR45-600-70  22KW,1SFA896111R7000
PSR60-600-70  30KW,1SFA896112R7000
PSR30-600-70 15KW,1SFA896109R7000
PSR72-600-70 37KW,1SFA896113R7000
PSR85-600-70 45KW,1SFA896114R7000
PSR105-600-70 55KW,1SFA896115R7000
PSTX142-600-70 75KW,1SFA898110R7000
PSTX720-600-70 400KW,1SFA898118R7000
PSTX840-600-70 450KW,1SFA898119R7000
AF96-30-00-14 250-500V DC,1SBL407001R1400
OTM2500E4CM230C,1SCA112713R1001
OTM2000E4CM230C,1SCA112712R1001
OTM125F4CMA230V,1SCA120097R1001
AF205-30-11-14 ,1SFL527002R1411
AF205-30-11-13,1SLM004100A1202
AF80-30-00-41 24-60V50/60HZ,1SBL397001R4100
AF65-30-00-41 24-60V50/60HZ ,1SBL387001R4100
AF65-30-00-11 24-60V50/60HZ,1SBL387001R1100
OTM100F4CMA230V,1SCA120098R1001
OTM63F4CMA230V,1SCA120101R1001
AF52-30-00-41 24-60V50/60HZ,1SBL367001R4100
AF40-30-00-14-500V50/60HZ-DC,1SBL347001R1400
AF30-30-00-41 24-60V50/60HZ ,1SBL277001R4100
AF26-30-00-41 24-60V50/60HZ,1SBL237001R4100
OTM800E4CM230C,1SCA022872R8340
OT160EV04P,1SCA120521R1001
OTM1600E4CM230C,1SCA112704R1001
OTM1000E4CM230C,1SCA112703R1001
OTM1250E4CM230C,1SCA112702R1001
Coffret BL.Porte   Plaque   800X600X300mm (HxWxD),SRN8630K
Coffret BL.Porte   Plaque   800X600X250mm (HxWxD),SRN8625K
AF16-30-10-41 24-60V50/60HZ ,1SBL177001R4110
AF12-30-10-41 24-60V50/60HZ ,1SBL157001R4110
AF09-30-10-41 24-60V50/60HZ ,1SBL137001R4110
VM205/265,1SFN035203R1000
OT80F4N2,1SCA105413R1001
OT63F4N2,1SCA105365R1001
OT125F4N2,1SCA105051R1001
OTM630E4CM230C,1SCA022873R1990
OTM160E4CM230C,1SCA022848R1510
OTM400E4CM230C,1SCA022847R3250
Coffret BL.Porte   Plaque   700X500X250mm (HxWxD),SRN7525K
Coffret BL.Porte   Plaque   600X400X250mm (HxWxD),SRN6425K
Coffret BL.Porte   Plaque   500X400X250mm (HxWxD),SRN5425K
Coffret BL.Porte   Plaque   500X300X200mm (HxWxD),SRN5320K
VM140/190,1SFN034403R1000
VM19,1SFN030300R1000
CAL19-11,1SFN010820R1011
AF370-40-11-13,1SFL607102R1311
AF305-40-11-13,1SFL587102R1311
AF265-40-11-13,1SFL547102R1311
OTM250E4CM230C,1SCA022846R1910
OT400E04P,1SCA022719R1810
OT250E04P,1SCA022710R0520
Coffret BL.Porte   Plaque   400X300X200mm (HxWxD),SRN4320K
Coffret BL.Porte   Plaque   1200X800X300mm (HxWxD),SRN12830K
Coffret BL.Porte   Plaque   1200X600X300mm (HxWxD),SRN12630K
Coffret BL.Porte   Plaque   1000X800X300mm (HxWxD),SRN10830K
Coffret BL. Porte   Plaque   1000X600X300mm (HxWxD),SRN10630K
AF265-30-11-13,1SFL547002R1311
F205-40-11-13,1SFL527102R1311
AF190-40-11-13,1SFL487102R1311
AF190-30-11-14,1SFL487002R1411
AF190-30-11-13,1SFL487002R1311
AF190-30-11-11,1SFL487002R1111
AF146-30-11-14,1SFL467001R1411
AF146-30-11-13,1SFL467001R1311
AF140-40-11-13,1SFL447101R1311
AF140-30-11-14,1SFL447001R1411
AF140-30-11-13,1SFL447001R1311
AF116-40-11B-13,1SFL427102R1311
AF116-30-11-14,1SFL427001R1411
AF116-30-11-13,1SFL427001R1311
BEA38-4,1SBN082306T2000
BEA26-4,1SBN082306T1000
BEA16-4,1SBN081306T1000
VM96-4,1SBN033405T1000
VEM4,1SBN030111R1000
TEF4-OFF,1SBN020114R1000
TEF4-ON,1SBN020112R1000
CA4-22M,1SBN010140R1122
CA4-40E,1SBN010140R1040
CA4-22E,1SBN010140R1022
CA4-10,1SBN010110R1010
CA4-01,1SBN010110R1001
AF96-30-00-14,1SBL407001R1400
AF96-30-00-13,1SBL407001R1300
AF96-30-11-11,1SBL407001R1111
AF80-40-00-13,1SBL397201R1300
AF80-30-00-14,1SBL397001R1400
AF80-30-00-13,1SBL397001R1300
AF80-30-11-11,1SBL397001R1111
OTM2500E4CM230C,1SCA112713R1001
OTM2000E4CM230C,1SCA112712R1001
OTM125F4CMA230V,1SCA120097R1001
OTM100F4CMA230V,1SCA120098R1001
AF96-30-00-14 250-500V DC,1SBL407001R1400
T7S 1600 PR231/P LS/I In=1600A 4p F F M,1SDA063018R1
UVR T7-T7M-X1 220...240Va.c./d.c.,1SDA063552R1
SCR T7M-X1 220...240Va.c./d.c.,1SDA063550R1
TF96-96,1SAZ911201R1006
TF96-87,1SAZ911201R1005
TF96-78,1SAZ911201R1004
HKF1-11 Aux.-contact for frontmounting,1SAM201901R1001
HK1-11 Aux.-contact,1SAM201902R1001
KIT DIN50022 XT1 RC PIAS.DI FIS.PRO.DIN,1SDA067135R1
OT160EV04P,1SCA120521R1001
OT80F4N2,1SCA105413R1001
OT63F4N2,1SCA105365R1001
OT125F4N2,1SCA105051R1001
VM205/265,1SFN035203R1000
VM140/190,1SFN034403R1000
VM19,1SFN030300R1000
A3N 630 ELT-LI In=630 4p F F,1SDA066574R1
A3N 400 TMF 400-4000 4p F F InN=100%In,1SDA066569R1
A2B 250 TMF 250-2500 4p F F,1SDA066559R1
A2B 250 TMF 200-2000 4p F F,1SDA066557R1
AF65-30-00-14,1SBL387001R1400
AF65-30-00-13,1SBL387001R1300
AF65-30-11-11,1SBL387001R1111
AF52-40-00-13,1SBL367201R1300
AF52-30-00-14,1SBL367001R1400
AF52-30-00-13,1SBL367001R1300
OTM63F4CMA230V,1SCA120101R1001
OTM800E4CM230C,1SCA022872R8340
OTM1600E4CM230C,1SCA112704R1001
OTM1000E4CM230C,1SCA112703R1001
OTM1250E4CM230C,1SCA112702R1001
OTM630E4CM230C,1SCA022873R1990
OTM160E4CM230C,1SCA022848R1510
AF205-30-11-14 ,1SFL527002R1411
AF205-30-11-13,1SLM004100A1202
AF80-30-00-41 24-60V50/60HZ,1SBL397001R4100
AF65-30-00-41 24-60V50/60HZ ,1SBL387001R4100
AF65-30-00-11 24-60V50/60HZ,1SBL387001R1100
AF52-30-00-41 24-60V50/60HZ,1SBL367001R4100
SOR T7-T7M-X1 220...240Va.c./d.c.,1SDA063548R1
T7S 1600 PR231/P LS/I In=1600A 4p F F,1SDA063002R1
T7S 1250 PR231/P LS/I In=1250A 4p F F M,1SDA062890R1
T7S 1000 PR231/P LS/I In=1000A 4p F F,1SDA062746R1
KIT MP T7-T7M-X1 W 4p,1SDA062163R1
TF96-68,1SAZ911201R1003
TF65-67,1SAZ811201R1007
TF65-60,1SAZ811201R1006
TF65-53,1SAZ811201R1005
TF65-40,1SAZ811201R1003
OT400E04P,1SCA022719R1810
OT250E04P,1SCA022710R0520
CAL19-11,1SFN010820R1011
BEA38-4,1SBN082306T2000
BEA26-4,1SBN082306T1000
A2B 250 TMF 160-1600 4p F F,1SDA066555R1
A1A 125 TMF 125-1250 4p F F,1SDA066535R1
A1A 125 TMF 63-630 4p F F,1SDA068772R1
A1A 125 TMF 100-1000 4p F F,1SDA066534R1
A1A 125 TMF 80-800 4p F F,1SDA066532R1
AF52-30-11-11,1SBL367001R1111
AF40-40-00-13,1SBL347201R1300
AF40-30-00-13,1SBL347001R1300
AF38-40-00-13,1SBL297201R1300
AF38-30-00-14,1SBL297001R1400
AF38-30-00-13,1SBL297001R1300
OTM400E4CM230C,1SCA022847R3250
OTM250E4CM230C,1SCA022846R1910
AF40-30-00-14-500V50/60HZ-DC,1SBL347001R1400
AF30-30-00-41 24-60V50/60HZ ,1SBL277001R4100
AF26-30-00-41 24-60V50/60HZ,1SBL237001R4100
AF16-30-10-41 24-60V50/60HZ ,1SBL177001R4110
PLATE MECH.INTER. T7-T7M-X1 WITH. FP,1SDA062131R1
PLATE MECH.INTER. T7-T7M-X1 WALL FIXED,1SDA062129R1
KIT CABLE MECH.INTER.HR/VR T7-T7M-X1>2CB,1SDA062127R1
GEAR.MOTOR DEVICE T7M-X1 220...250Vac/dc,1SDA062116R1
AUX-SC T7M-X1 250Vac/dc SPRINGS CHARGED,1SDA062107R1
T6N 1000 PR221DS-LS/I In=1000 4p F F,1SDA060542R1
FLD T6 W,1SDA060418R1
TF42-38,1SAZ721201R1055
TF42-35,1SAZ721201R1053
TF42-29,1SAZ721201R1052
TF42-24,1SAZ721201R1051
TF42-20,1SAZ721201R1049
TF42-13,1SAZ721201R1045
BEA16-4,1SBN081306T1000
VM96-4,1SBN033405T1000
VEM4,1SBN030111R1000
TEF4-OFF,1SBN020114R1000
TEF4-ON,1SBN020112R1000
CA4-22M,1SBN010140R1122
AF38-30-00-11,1SBL297001R1100
AF30-30-00-14,1SBL277001R1400
AF30-30-00-13,1SBL277001R1300
AF30-30-00-11,1SBL277001R1100
AF26-40-00-13,1SBL237201R1300
AF26-30-00-14,1SBL237001R1400
AF26-30-00-13,1SBL237001R1300
AF12-30-10-41 24-60V50/60HZ ,1SBL157001R4110
AF09-30-10-41 24-60V50/60HZ ,1SBL137001R4110
VM205/265,1SFN035203R1000
VM140/190,1SFN034403R1000
VM19,1SFN030300R1000
MOE T6 220...250 Vac/dc,1SDA060398R1
KIT MP T6 630/800 W 4p,1SDA060391R1
T6N 800 PR221DS-LS/I In=800 4p F F,1SDA060273R1
T6N 630 PR221DS-LS/I In=630 4p F F,1SDA060231R1
RC222/5 T5 4p F,1SDA054955R1
MIR-HB T4-T5,1SDA054946R1
TF42-10,1SAZ721201R1043
TF42-7.6,1SAZ721201R1040
TF42-5.7,1SAZ721201R1038
TF42-4.2,1SAZ721201R1035
TF42-3.1,1SAZ721201R1033
TF42-2.3,1SAZ721201R1031
CA4-40E,1SBN010140R1040
CA4-22E,1SBN010140R1022
CA4-10,1SBN010110R1010
CA4-01,1SBN010110R1001
UVR T7-T7M-X1 220...240Va.c./d.c.,1SDA063552R1
SCR T7M-X1 220...240Va.c./d.c.,1SDA063550R1
SOR T7-T7M-X1 220...240Va.c./d.c.,1SDA063548R1
E4.2N 4000 Ekip Dip LI 4p WMP,1SDA073171R1
E4.2N 3200 Ekip Dip LSI 4p WMP,1SDA073122R1
E2.2N 2500 Ekip Dip LI 4p WMP,1SDA073041R1
E2.2B 2000 Ekip Dip LI 4p WMP,1SDA073001R1
XT4N 250 TMA 250-2500 4p F F InN=100%,1SDA068111R1
XT1B 160 TMD 160 4p FF InN=50%,1SDA066820R1
XT1B 160 TMD 160-1600 3p F F,1SDA066809R1
S204 C20,2CDS254001R0204
CM-ENS.13S,1SVR730850R2100
CM-PSS.31S,1SVR730784R2300
CT-ERS.22S,1SVR730100R3300
S2C-S/H6R,2CDS200922R0001
S2C-H6-11R,2CDS200946R0001
S2C-H6R,2CDS200912R0001
Coffret BL.Porte   Plaque   800X600X300mm (HxWxD),SRN8630K
Coffret BL.Porte   Plaque   800X600X250mm (HxWxD),SRN8625K
Coffret BL.Porte   Plaque   700X500X250mm (HxWxD),SRN7525K
Coffret BL.Porte   Plaque   600X400X250mm (HxWxD),SRN6425K
AF26-30-00-11,1SBL237001R1100
AF16-40-00-13,1SBL177201R1300
AF16-30-10-14,1SBL177001R1410
AF16-30-10-13,1SBL177001R1310
AF16-30-10-11,1SBL177001R1110
AF12-30-10-14,1SBL157001R1410
CAL19-11,1SFN010820R1011
AF370-40-11-13,1SFL607102R1311
AF305-40-11-13,1SFL587102R1311
AF265-40-11-13,1SFL547102R1311
AF265-30-11-13,1SFL547002R1311
FLD T4-T5 W,1SDA054945R1
MOE T4-T5 220...250 Vac/dc,1SDA054897R1
UVR-C T4-T5-T6 220...250 Vac/dc,1SDA054891R1
SOR T4-T5-T6 220..240 Vac - 220..250 Vdc,1SDA054866R1
T5N 400 TMA 400-4000 4p F F,1SDA054439R1
TF42-1.7,1SAZ721201R1028
TF42-1.3,1SAZ721201R1025
KIT MP T7-T7M-X1 W 4p,1SDA062163R1
PLATE MECH.INTER. T7-T7M-X1 WITH. FP,1SDA062131R1
PLATE MECH.INTER. T7-T7M-X1 WALL FIXED,1SDA062129R1
KIT CABLE MECH.INTER.HR/VR T7-T7M-X1>2CB,1SDA062127R1
GEAR.MOTOR DEVICE T7M-X1 220...250Vac/dc,1SDA062116R1
E2.2N 2500 Ekip Dip LSI 4p F HR,1SDA071692R1
E2.2B 2000 Ekip Dip LSI 4p F HR,1SDA071652R1
XT1B 160 TMD 125-1250 3p F F,1SDA066808R1
XT1B 160 TMD 100-1000 3p F F,1SDA066807R1
XT1B 160 TMD 80-800 3p F F,1SDA066806R1 
XT3N 250 TMD 250-2500 4p F F InN=50%,1SDA068066R1
XT3N 250 TMD 200-2000 4p F F InN=50%,1SDA068065R1
XT1N 160 TMD 160-1600 4p F F InN=50%,1SDA067426R1
S202 C10,2CDS252001R0104
S203 L C10,2CDS243701R0104
S203 D40,2CDS253001R0401
S203 D20,2CDS253001R0201
S203 D50,2CDS253001R0501
S203 D32,2CDS253001R0321
CP-T 48/20.0,1SVR427056R2000
CP-E 24/20.0,1SVR427036R0000
CP-E 48/10.0,1SVR427035R2000
CP-E 24/10.0,1SVR427035R0000
CP-E 48/5.0,1SVR427034R2000
CP-E 24/5.0,1SVR427034R0000
"DDA204 AC-63/0,3",2CSB204001R3630
"DDA204 AC-40/0,3",2CSB204001R3400
"DDA204 AC-25/0,3",2CSB204001R3250
"DDA204 AC-63/0,03",2CSB204001R1630
"DDA202 AC-63/0,3",2CSB202001R3630
"DDA202 AC-25/0,03",2CSB202001R1250
"DDA202 AC-40/0,3",2CSB202001R3400
Coffret BL.Porte   Plaque   500X400X250mm (HxWxD),SRN5425K
Coffret BL.Porte   Plaque   500X300X200mm (HxWxD),SRN5320K
Coffret BL.Porte   Plaque   400X300X200mm (HxWxD),SRN4320K
Coffret BL.Porte   Plaque   1200X800X300mm (HxWxD),SRN12830K
Coffret BL.Porte   Plaque   1200X600X300mm (HxWxD),SRN12630K
Coffret BL.Porte   Plaque   1000X800X300mm (HxWxD),SRN10830K
AF12-30-10-13,1SBL157001R1310
AF12-30-10-11,1SBL157001R1110
AF09-40-00-13,1SBL137201R1300
AF09-30-10-14,1SBL137001R1410
AF09-30-10-13,1SBL137001R1310
AF09-30-10-11,1SBL137001R1110
F205-40-11-13,1SFL527102R1311
AF190-40-11-13,1SFL487102R1311
AF190-30-11-14,1SFL487002R1411
AF190-30-11-13,1SFL487002R1311
AF190-30-11-11,1SFL487002R1111
AF146-30-11-14,1SFL467001R1411
AF146-30-11-13,1SFL467001R1311
T5N 630 PR221DS-LS/I In=630 4p F F,1SDA054400R1
T5N 400 PR221DS-LS/I In=400 4p F F,1SDA054325R1
AUX T1...T6 3Q 1SY,1SDA051369R1
T7S 1250 PR231/P LS/I In=1250A 4p F F,1SDA062866R1
AUX-SC T7M-X1 250Vac/dc SPRINGS CHARGED,1SDA062107R1
FLD T6 W,1SDA060418R1
MOE T6 220...250 Vac/dc,1SDA060398R1
KIT MP T6 630/800 W 4p,1SDA060391R1
XT1N 160 TMD 125-1250 4p F F InN=50%,1SDA067425R1
XT1N 160 TMD 100-1000 4p F F,1SDA067424R1
XT1N 160 TMD 80-800 4p F F,1SDA067423R1
XT1C 160 TMD 160-1600 4p F F InN=50%,1SDA067408R1
XT1C 160 TMD 125-1250 4p F F InN=50%,1SDA067407R1
 XT1C 160 TMD 100-1000 4p F F,1SDA067406R1
S203 D25,2CDS253001R0251
S203 D16,2CDS253001R0161
S203 D63,2CDS253001R0631
S201 L C40,2CDS241701R0404
S201 C16,2CDS251001R0164
S201 C10,2CDS251001R0104
CR-UH,1SVR405669R0000
CR-PH,1SVR405659R0000
CR-M4LS,1SVR405651R3100
CR-M2LS,1SVR405651R1100
CR-PSS,1SVR405650R1000
CR-M230AC4,1SVR405613R3000
"DDA202 AC-63/0,03",2CSB202001R1630
"DDA202 AC-40/0,03",2CSB202001R1400
"DDA202 AC-25/0,3",2CSB202001R3250
"DDA204 AC-25/0,03",2CSB204001R1250
"DDA204 AC-40/0,03",2CSB204001R1400
Coffret BL. Porte   Plaque   1000X600X300mm (HxWxD),SRN10630K
TF96-96,1SAZ911201R1006
TF96-87,1SAZ911201R1005
TF96-78,1SAZ911201R1004
TF96-68,1SAZ911201R1003
TF65-67,1SAZ811201R1007
TF65-60,1SAZ811201R1006
AF140-40-11-13,1SFL447101R1311
AF140-30-11-14,1SFL447001R1411
AF140-30-11-13,1SFL447001R1311
AF116-40-11B-13,1SFL427102R1311
AF116-30-11-14,1SFL427001R1411
AF116-30-11-13,1SFL427001R1311
RC222/5 T5 4p F,1SDA054955R1
MIR-HB T4-T5,1SDA054946R1
FLD T4-T5 W,1SDA054945R1
MOE T4-T5 220...250 Vac/dc,1SDA054897R1
UVR-C T4-T5-T6 220...250 Vac/dc,1SDA054891R1
SOR T4-T5-T6 220..240 Vac - 220..250 Vdc,1SDA054866R1
XT1C 160 TMD 80-800 4p F F,1SDA067405R1
XT1B 160 TMD 160-1600 4p F F InN=50%,1SDA066820R1
XT1B 160 TMD 125-1250 4p F F InN=50%,1SDA066819R1
XT1B 160 TMD 100-1000 4p F F,1SDA066818R1
XT1B 160 TMD 80-800 4p F F,1SDA066817R1
SN201 T C25,2CSS235102R0254
S201 C6,2CDS251001R0064
SN201 T C6,2CSS235102R0064
SN201 C6,2CSS255102R0064
SN201 C40,2CSS255102R0404
SN201 C16,2CSS255102R0164
SN201 C25,2CSS255102R0254
CR-M024DC4,1SVR405613R1000
CR-M230AC2,1SVR405611R3000
CR-M024DC2,1SVR405611R1000
CR-P230AC2,1SVR405601R3000
CR-P024DC2,1SVR405601R1000
CR-P230AC1,1SVR405600R3000
CR-P024DC1,1SVR405600R1000
S204 C20,2CDS254001R0204
TF65-53,1SAZ811201R1005
TF65-40,1SAZ811201R1003
TF42-38,1SAZ721201R1055
TF42-35,1SAZ721201R1053
TF42-29,1SAZ721201R1052
TF42-24,1SAZ721201R1051
TF42-20,1SAZ721201R1049
TF42-13,1SAZ721201R1045
BEA38-4,1SBN082306T2000
BEA26-4,1SBN082306T1000
BEA16-4,1SBN081306T1000
VM96-4,1SBN033405T1000
VEM4,1SBN030111R1000
TEF4-OFF,1SBN020114R1000
TEF4-ON,1SBN020112R1000
AUX T1...T6 3Q 1SY,1SDA051369R1
XT1B 160 TMD 63-630 4p F F,1SDA066816R1
SN201 C10,2CSS255102R0104
SN201S L C16,2CSS245202R0164
SN201 T C10,2CSS235102R0104
SN201 T C20,2CSS235102R0204
SN201 L C6,2CSS245102R0064
SN201 L C16,2CSS245102R0164
S202 C10,2CDS252001R0104
S203 L C10,2CDS243701R0104
S203 D40,2CDS253001R0401
S203 D20,2CDS253001R0201
S203 D50,2CDS253001R0501
TF42-10,1SAZ721201R1043
TF42-7.6,1SAZ721201R1040
TF42-5.7,1SAZ721201R1038
TF42-4.2,1SAZ721201R1035
TF42-3.1,1SAZ721201R1033
TF42-2.3,1SAZ721201R1031
CA4-22M,1SBN010140R1122
CA4-40E,1SBN010140R1040
CA4-22E,1SBN010140R1022
CA4-10,1SBN010110R1010
CA4-01,1SBN010110R1001
SN201 L C20,2CSS245102R0204
SN201L C25,2CSS245102R0254
SN201 L C32,2CSS245102R0324
SN201 S L C10,2CSS245202R0104
SN201 L C10,2CSS245102R0104
S203 D32,2CDS253001R0321
S203 D25,2CDS253001R0251
S203 D16,2CDS253001R0161
S203 D63,2CDS253001R0631
S201 L C40,2CDS241701R0404
TF42-1.7,1SAZ721201R1028
TF42-1.3,1SAZ721201R1025
MS495-100,1SAM550000R1010
MS495-90,1SAM550000R1009
MS495-75,1SAM550000R1008
AF96-30-00-14,1SBL407001R1400
AF96-30-00-13,1SBL407001R1300
AF96-30-11-11,1SBL407001R1111
AF80-40-00-13,1SBL397201R1300
AF80-30-00-14,1SBL397001R1400
AF80-30-00-13,1SBL397001R1300
S804B C125,2CCS814001R0844
SN201 T C16,2CSS235102R0164
S2C-S/H6R,2CDS200922R0001
S204P-C16,2CDS284001R0164
S202P-C40,2CDS282001R0404
SH201L-C16,2CDS241001R0164
S201 C16,2CDS251001R0164
S201 C10,2CDS251001R0104
SN201 T C25,2CSS235102R0254
S201 C6,2CDS251001R0064
SN201 T C6,2CSS235102R0064
MS165-65,1SAM451000R1017
MS165-54,1SAM451000R1016
MS165-42,1SAM451000R1015
MS132-32,1SAM350000R1015
MS132-20,1SAM350000R1013
MS132-25,1SAM350000R1014
AF80-30-11-11,1SBL397001R1111
AF65-30-00-14,1SBL387001R1400
AF65-30-00-13,1SBL387001R1300
AF65-30-11-11,1SBL387001R1111
AF52-40-00-13,1SBL367201R1300
AF52-30-00-14,1SBL367001R1400
AF52-30-00-13,1SBL367001R1300
AF52-30-11-11,1SBL367001R1111
SH201L-C10,2CDS241001R0104
S204P-C10,2CDS284001R0104
S 202 P - C63,2CDS282001R0634
S204M-B20,2CDS274001R0205
S204M-B10,2CDS274001R0105
S202M-C25,2CDS272001R0254
SN201 C6,2CSS255102R0064
SN201 C40,2CSS255102R0404
SN201 C16,2CSS255102R0164
SN201 C25,2CSS255102R0254
SN201 C10,2CSS255102R0104
SN201S L C16,2CSS245202R0164
MS116-12,1SAM250000R1012
MS116-16,1SAM250000R1011
MS116-10,1SAM250000R1010
MS116-6.3,1SAM250000R1009
MS116-4.0,1SAM250000R1008
MS116-2.5,1SAM250000R1007
AF40-40-00-13,1SBL347201R1300
AF40-30-00-13,1SBL347001R1300
AF38-40-00-13,1SBL297201R1300
AF38-30-00-14,1SBL297001R1400
AF38-30-00-13,1SBL297001R1300
S 204-C32,2CDS254001R0324
S202M-C6,2CDS272001R0064
S202M-C10,2CDS272001R0104
S202M-C16,2CDS272001R0164
S 204 - C20,2CDS254001R0204
S 203 D63,2CDS253001R0631
SN201 T C10,2CSS235102R0104
SN201 T C20,2CSS235102R0204
SN201 L C6,2CSS245102R0064
SN201 L C16,2CSS245102R0164
SN201 L C20,2CSS245102R0204
SN201L C25,2CSS245102R0254
MS116-1.6,1SAM250000R1006
MS116-1.0,1SAM250000R1005
MS116-0.63,1SAM250000R1004
MS116-0.4,1SAM250000R1003
MS116-0.25,1SAM250000R1002
MS116-0.16,1SAM250000R1001
AF38-30-00-11,1SBL297001R1100
AF30-30-00-14,1SBL277001R1400
AF30-30-00-13,1SBL277001R1300
AF30-30-00-11,1SBL277001R1100
AF26-40-00-13,1SBL237201R1300
AF26-30-00-14,1SBL237001R1400
AF26-30-00-13,1SBL237001R1300
S203-D50,2CDS253001R0501
S 203-D40,2CDS253001R0401
S 203-D32,2CDS253001R0321
S203-D25,2CDS253001R0251
S203-D20,2CDS253001R0201
S203-D16,2CDS253001R0161
S203 D 10A,2CDS253001R0101
SN201 L C32,2CSS245102R0324
SN201 S L C10,2CSS245202R0104
SN201 L C10,2CSS245102R0104
S804B C125,2CCS814001R0844
SN201 T C16,2CSS235102R0164
S2C-S/H6R,2CDS200922R0001
AF26-30-00-11,1SBL237001R1100
AF16-40-00-13,1SBL177201R1300
AF16-30-10-14,1SBL177001R1410
AF16-30-10-13,1SBL177001R1310
AF16-30-10-11,1SBL177001R1110
AF12-30-10-14,1SBL157001R1410
S 202 - C40,2CDS252001R0404
S 202-C32,2CDS252001R0324
S 202-C25,2CDS252001R0254
S 202 C20,2CDS252001R0204
S 204 L-C63,2CDS244701R0634
S204P-C16,2CDS284001R0164
S202P-C40,2CDS282001R0404
SH201L-C16,2CDS241001R0164
SH201L-C10,2CDS241001R0104
S204P-C10,2CDS284001R0104
S 202 P - C63,2CDS282001R0634
AF12-30-10-13,1SBL157001R1310
AF12-30-10-11,1SBL157001R1110
AF09-40-00-13,1SBL137201R1300
AF09-30-10-14,1SBL137001R1410
AF09-30-10-13,1SBL137001R1310
AF09-30-10-11,1SBL137001R1110
S 202-C10,2CDS252001R0104
S 201-C6,2CDS251001R0064
S 201 C10A,2CDS251001R0104
S 202-C16,2CDS252001R0164
S2C-A2,2CDS200909R0002
S2C-H6-11R,2CDS200946R0001
S204M-B20,2CDS274001R0205
S204M-B10,2CDS274001R0105
S202M-C25,2CDS272001R0254
S 204-C32,2CDS254001R0324
S202M-C6,2CDS272001R0064
S202M-C10,2CDS272001R0104
S202M-C16,2CDS272001R0164
S2C-H6R,2CDS200912R0001
S202 D 10A,2CDS252001R0101
"DDA204 AC-63/0,3",2CSB204001R3630
"DDA204 AC-40/0,3",2CSB204001R3400
"DDA204 AC-25/0,3",2CSB204001R3250
"DDA204 AC-63/0,03",2CSB204001R1630
S 204 - C20,2CDS254001R0204
S 203 D63,2CDS253001R0631
S203-D50,2CDS253001R0501
S 203-D40,2CDS253001R0401
S 203-D32,2CDS253001R0321
S203-D25,2CDS253001R0251
"DDA202 AC-63/0,3",2CSB202001R3630
"DDA202 AC-25/0,03",2CSB202001R1250
"DDA202 AC-40/0,3",2CSB202001R3400
"DDA202 AC-63/0,03",2CSB202001R1630
"DDA202 AC-40/0,03",2CSB202001R1400
"DDA202 AC-25/0,3",2CSB202001R3250
S203-D20,2CDS253001R0201
S203-D16,2CDS253001R0161
S203 D 10A,2CDS253001R0101
S 202 - C40,2CDS252001R0404
S 202-C32,2CDS252001R0324
S 202-C25,2CDS252001R0254
"DDA204 AC-25/0,03",2CSB204001R1250
"DDA204 AC-40/0,03",2CSB204001R1400
S204-C100,2CDS254001R0824
S204-C80,2CDS254001R0804
S204-C63,2CDS254001R0634
S 202 C20,2CDS252001R0204
S 204 L-C63,2CDS244701R0634
S 202-C10,2CDS252001R0104
S 201-C6,2CDS251001R0064
S 201 C10A,2CDS251001R0104
S 202-C16,2CDS252001R0164
S2C-A2,2CDS200909R0002
S204-D63,2CDS254001R0631
S204-C50,2CDS254001R0504
S204-D50,2CDS254001R0501
S204-C40,2CDS254001R0404
S204-D40,2CDS254001R0401
S2C-H6-11R,2CDS200946R0001
S2C-H6R,2CDS200912R0001
S202 D 10A,2CDS252001R0101
"DDA204 AC-63/0,3",2CSB204001R3630
"DDA204 AC-40/0,3",2CSB204001R3400
"DDA204 AC-25/0,3",2CSB204001R3250
S204-D32,2CDS254001R0321
S204-C25,2CDS254001R0254
S204-D25,2CDS254001R0251
S204-D20,2CDS254001R0201
S204-C16,2CDS254001R0164
S204-D16,2CDS254001R0161
"DDA204 AC-63/0,03",2CSB204001R1630
"DDA202 AC-63/0,3",2CSB202001R3630
"DDA202 AC-25/0,03",2CSB202001R1250
S204-C10,2CDS254001R0104
S204-D10,2CDS254001R0101
S203-C80,2CDS253001R0804
"DDA202 AC-40/0,3",2CSB202001R3400
"DDA202 AC-63/0,03",2CSB202001R1630
"DDA202 AC-40/0,03",2CSB202001R1400
"DDA202 AC-25/0,3",2CSB202001R3250
S203-C63,2CDS253001R0634
S203-C50,2CDS253001R0504
S203-C40,2CDS253001R0404
S203-C32,2CDS253001R0324
"DDA204 AC-25/0,03",2CSB204001R1250
"DDA204 AC-40/0,03",2CSB204001R1400
ESB40-20N-06,1SAE341111R0620
S204-C100,2CDS254001R0824
S204-C80,2CDS254001R0804
S203-C25,2CDS253001R0254
S203-C20,2CDS253001R0204
S203-C16,2CDS253001R0164
S203-C10,2CDS253001R0104
S204-C63,2CDS254001R0634
S204-D63,2CDS254001R0631
S204-C50,2CDS254001R0504
S204L-C50,2CDS244701R0504
S204L-C40,2CDS244701R0404
S204L-C32,2CDS244701R0324
S204L-C25,2CDS244701R0254
S204-D50,2CDS254001R0501
S204-C40,2CDS254001R0404
S204-D40,2CDS254001R0401
S204-D32,2CDS254001R0321
S204-C25,2CDS254001R0254
S204L-C20,2CDS244701R0204
S204L-C16,2CDS244701R0164
S204L-C10,2CDS244701R0104
S202L-C63,2CDS242701R0634
S204-D25,2CDS254001R0251
S204-D20,2CDS254001R0201
S204-C16,2CDS254001R0164
S204-D16,2CDS254001R0161
S204-C10,2CDS254001R0104
S202L-C40,2CDS242701R0404
S202L-C32,2CDS242701R0324
S202L-C25,2CDS242701R0254
S202L-C20,2CDS242701R0204
S202L-C16,2CDS242701R0164
S202L-C10,2CDS242701R0104
S204-D10,2CDS254001R0101
S203-C80,2CDS253001R0804
S203-C63,2CDS253001R0634
S203-C50,2CDS253001R0504
S203-C40,2CDS253001R0404
S203-C32,2CDS253001R0324
SH201T-C32,2CDS231001R0324
SH201T-C25,2CDS231001R0254
SH201T-C20,2CDS231001R0204
SH201T-C16,2CDS231001R0164
SH201T-C10,2CDS231001R0104
SH201T-C6,2CDS231001R0064
S804B-C125,2CCS814001R0844
S203-C25,2CDS253001R0254
S203-C20,2CDS253001R0204
S203-C16,2CDS253001R0164
S203-C10,2CDS253001R0104
S204L-C50,2CDS244701R0504
S204L-C40,2CDS244701R0404
S804B-C100,2CCS814001R0824
S804B-C80,2CCS814001R0804
S204L-C32,2CDS244701R0324
S204L-C25,2CDS244701R0254
S204L-C20,2CDS244701R0204
S204L-C16,2CDS244701R0164
S204L-C10,2CDS244701R0104
S202L-C63,2CDS242701R0634
S202L-C40,2CDS242701R0404
S202L-C32,2CDS242701R0324
S202L-C25,2CDS242701R0254
S202L-C20,2CDS242701R0204
S202L-C16,2CDS242701R0164
S202L-C10,2CDS242701R0104
SH201T-C32,2CDS231001R0324
SH201T-C25,2CDS231001R0254
SH201T-C20,2CDS231001R0204
SH201T-C16,2CDS231001R0164
SH201T-C10,2CDS231001R0104
SH201T-C6,2CDS231001R0064
S804B-C125,2CCS814001R0844
S804B-C100,2CCS814001R0824
S804B-C80,2CCS814001R0804
ESB20-20N-06,1SBE121111R0620
ESB20-20N-01,1SBE121111R0120
ESB40-22N-06,1SAE341111R0622
ESB40-22N-01,1SAE341111R0122
